channel,month,month_num,tickets_total,tickets_auto,automation_rate,latency_ms,satisfaction,cost_per_ticket,quarter,health,bot_savings,bot_roi
Email,Jan,1,4068,2255,0.555,3631,4.15,2.42,Q1,Improving,2.8860000000000006,1.1925619834710746
Email,Feb,2,4258,2335,0.548,3403,4.1,2.56,Q1,Improving,2.8496,1.113125
Email,Mar,3,4382,2625,0.599,3427,4.18,2.43,Q1,Improving,3.1148,1.2818106995884773
Email,Apr,4,4372,2584,0.591,3212,4.16,2.42,Q2,Improving,3.0732,1.2699173553719008
Email,May,5,4282,2651,0.619,3535,4.12,2.24,Q2,Improving,3.2188,1.4369642857142855
Email,Jun,6,4477,2841,0.635,3350,4.16,2.24,Q2,Improving,3.302,1.4741071428571428
Email,Jul,7,4400,3036,0.69,3164,4.12,1.97,Q3,Improving,3.5879999999999996,1.8213197969543145
Email,Aug,8,4479,3103,0.693,3071,4.12,1.96,Q3,Improving,3.6035999999999997,1.8385714285714285
Email,Sep,9,4604,3246,0.705,3058,4.18,1.84,Q3,Healthy,3.666,1.9923913043478259
Email,Oct,10,4687,3352,0.715,3156,4.2,1.79,Q4,Healthy,3.718,2.077094972067039
Email,Nov,11,4699,3450,0.734,2855,4.16,1.63,Q4,Healthy,3.8168,2.3415950920245403
Email,Dec,12,4627,3416,0.738,3265,4.13,1.76,Q4,Healthy,3.8376,2.1804545454545456
Chat,Jan,1,6434,4470,0.695,907,4.37,1.96,Q1,Improving,3.614,1.8438775510204082
Chat,Feb,2,6496,4832,0.744,868,4.4,1.61,Q1,Healthy,3.8688000000000002,2.402981366459627
Chat,Mar,3,6409,4645,0.725,838,4.38,1.74,Q1,Healthy,3.77,2.1666666666666665
Chat,Apr,4,6611,5066,0.766,874,4.4,1.48,Q2,Healthy,3.9832,2.6913513513513516
Chat,May,5,6630,5137,0.775,841,4.35,1.35,Q2,Healthy,4.03,2.9851851851851854
Chat,Jun,6,6733,5300,0.787,846,4.4,1.45,Q2,Healthy,4.0924000000000005,2.8223448275862073
Chat,Jul,7,6870,5509,0.802,817,4.38,1.16,Q3,Healthy,4.170400000000001,3.5951724137931045
Chat,Aug,8,6697,5239,0.782,783,4.4,1.34,Q3,Healthy,4.066400000000001,3.034626865671642
Chat,Sep,9,7273,5893,0.81,799,4.42,1.19,Q3,Healthy,4.212000000000001,3.5394957983193285
Chat,Oct,10,6899,5691,0.825,789,4.43,1.04,Q4,Healthy,4.29,4.125
Chat,Nov,11,7196,6091,0.847,768,4.33,1.11,Q4,Healthy,4.4044,3.9679279279279274
Chat,Dec,12,7260,6127,0.844,782,4.48,1.09,Q4,Healthy,4.3888,4.026422018348623
Phone,Jan,1,2111,347,0.165,14153,3.91,4.73,Q1,At-risk,0.8580000000000001,0.1813953488372093
Phone,Feb,2,2213,427,0.193,13009,3.83,4.4,Q1,At-risk,1.0036,0.2280909090909091
Phone,Mar,3,2055,390,0.19,14097,3.84,4.36,Q1,At-risk,0.9880000000000001,0.22660550458715598
Phone,Apr,4,2182,411,0.189,14061,3.95,4.81,Q2,At-risk,0.9828,0.20432432432432435
Phone,May,5,2121,462,0.218,11907,3.89,4.28,Q2,At-risk,1.1336,0.2648598130841121
Phone,Jun,6,2166,463,0.214,13067,3.92,4.4,Q2,At-risk,1.1128,0.2529090909090909
Phone,Jul,7,2160,487,0.226,11904,3.85,4.32,Q3,At-risk,1.1752,0.272037037037037
Phone,Aug,8,2255,591,0.263,13454,3.86,4.02,Q3,At-risk,1.3676000000000001,0.34019900497512445
Phone,Sep,9,2222,510,0.23,14002,3.83,4.39,Q3,At-risk,1.1960000000000002,0.27243735763097954
Phone,Oct,10,2347,559,0.238,12728,3.87,4.26,Q4,At-risk,1.2376,0.29051643192488263
Phone,Nov,11,2338,584,0.25,12039,3.82,4.07,Q4,At-risk,1.3,0.3194103194103194
Phone,Dec,12,2430,657,0.271,12249,3.89,4.12,Q4,At-risk,1.4092000000000002,0.34203883495145637
Web Form,Jan,1,3321,2223,0.67,5876,4.06,2.06,Q1,Improving,3.4840000000000004,1.6912621359223303
Web Form,Feb,2,3351,2305,0.688,5565,3.95,2.09,Q1,Improving,3.5776,1.7117703349282298
Web Form,Mar,3,3348,2363,0.706,5743,4.1,1.72,Q1,Healthy,3.6712,2.1344186046511626
Web Form,Apr,4,3462,2359,0.682,5669,4.01,1.94,Q2,Improving,3.5464,1.8280412371134023
Web Form,May,5,3571,2553,0.715,5737,4.06,1.58,Q2,Improving,3.718,2.353164556962025
Web Form,Jun,6,3381,2448,0.724,5296,3.99,1.7,Q2,Improving,3.7648,2.214588235294118
Web Form,Jul,7,3366,2537,0.754,5576,4.02,1.55,Q3,Improving,3.9208000000000003,2.5295483870967743
Web Form,Aug,8,3584,2759,0.77,5863,4.04,1.43,Q3,Improving,4.0040000000000004,2.8000000000000003
Web Form,Sep,9,3588,2750,0.767,5471,3.99,1.52,Q3,Improving,3.9884000000000004,2.623947368421053
Web Form,Oct,10,3846,3032,0.788,5854,4.01,1.37,Q4,Improving,4.0976,2.9909489051094886
Web Form,Nov,11,3571,2778,0.778,5363,4.11,1.38,Q4,Healthy,4.0456,2.9315942028985513
Web Form,Dec,12,3450,2777,0.805,5165,4.01,1.26,Q4,Improving,4.186000000000001,3.322222222222223
Social,Jan,1,1396,470,0.337,2189,3.87,3.96,Q1,At-risk,1.7524000000000002,0.4425252525252526
Social,Feb,2,1367,493,0.361,2588,4.1,3.51,Q1,At-risk,1.8772,0.5348148148148149
Social,Mar,3,1442,583,0.404,2544,3.92,3.37,Q1,At-risk,2.1008,0.6233827893175073
Social,Apr,4,1460,659,0.452,2270,3.98,3.01,Q2,At-risk,2.3504,0.7808637873754154
Social,May,5,1444,673,0.466,2311,3.97,3.12,Q2,At-risk,2.4232,0.7766666666666666
Social,Jun,6,1476,760,0.515,2295,4.02,2.82,Q2,Improving,2.6780000000000004,0.9496453900709222
Social,Jul,7,1497,777,0.519,2216,4.12,2.96,Q3,Improving,2.6988000000000003,0.9117567567567568
Social,Aug,8,1465,828,0.566,2076,4.1,2.58,Q3,Improving,2.9432,1.1407751937984496
Social,Sep,9,1438,858,0.597,2270,4.07,2.28,Q3,Improving,3.1044,1.3615789473684212
Social,Oct,10,1537,942,0.613,2146,4.04,2.3,Q4,Improving,3.1876,1.3859130434782612
Social,Nov,11,1546,999,0.646,2267,3.94,2.12,Q4,Improving,3.3592000000000004,1.5845283018867926
Social,Dec,12,1566,1069,0.683,2044,4.0,1.98,Q4,Improving,3.5516000000000005,1.793737373737374
